<application>
  <component name="FileTypeManager" version="17">
    <extensionMap>
      <mapping pattern="ad_path" type="PLAIN_TEXT" />
      <mapping pattern="智搜一期笔记" type="PLAIN_TEXT" />
      <mapping pattern="adsfaf" type="PLAIN_TEXT" />
      <mapping pattern=".md" type="PLAIN_TEXT" />
      <mapping pattern="ThreadLocal" type="PLAIN_TEXT" />
      <mapping pattern="Get&amp;Post" type="PLAIN_TEXT" />
      <mapping pattern="asdfas" type="PLAIN_TEXT" />
      <mapping pattern="lambda" type="PLAIN_TEXT" />
      <mapping pattern="三角兽LinkMe相关" type="PLAIN_TEXT" />
      <mapping pattern="Jetpack" type="PLAIN_TEXT" />
      <mapping pattern="Dis" type="PLAIN_TEXT" />
      <mapping ext="ignore" type="PLAIN_TEXT" />
    </extensionMap>
  </component>
</application>